step,method,type,flit,BFED,BFCD,constraints,literals,timeSelection,timeSimplification,timeTotal
0,Espresso,OR,457,0.0,543.0,909,4241,770,293,1063
1,Espresso,OR,456,0.0,-1754.0,904,1944,788,319,1107
2,Espresso,OR,458,0.0,-1296.0,904,2402,707,74,781
3,Espresso,OR,458,0.0,-1757.0,903,1941,718,71,789
4,Espresso,OR,457,0.0,-1300.0,903,2398,724,60,784
5,Espresso,OR,456,0.0,-1759.0,902,1939,722,60,782
6,Espresso,OR,457,0.0,-1302.0,902,2396,733,93,826
7,Espresso,OR,456,0.0,-1761.0,901,1937,747,60,807
8,Espresso,OR,456,0.0,519.0,901,4217,721,314,1035
9,Espresso,OR,455,0.0,-1776.0,896,1922,702,332,1034
10,Espresso,OR,456,0.0,-1320.0,896,2378,712,93,805
11,Espresso,OR,455,0.0,-1778.0,895,1920,717,59,776
12,Espresso,OR,456,0.0,-1322.0,895,2376,736,65,801
13,Espresso,OR,455,0.0,-1780.0,894,1918,731,64,795
14,Espresso,OR,456,0.0,-1324.0,894,2374,763,57,820
15,Espresso,OR,455,0.0,-1782.0,893,1916,753,60,813
16,Espresso,OR,456,0.0,-1326.0,893,2372,710,56,766
17,Espresso,OR,455,0.0,-1784.0,892,1914,742,73,815
18,Espresso,OR,456,0.0,-1328.0,892,2370,725,65,790
19,Espresso,OR,455,0.0,-1786.0,891,1912,735,97,832
20,Espresso,OR,444,0.0,-454.0,891,3244,689,169,858
21,Espresso,OR,456,0.0,1380.0,890,5078,713,337,1050
22,Espresso,OR,455,0.0,-915.0,885,2783,722,319,1041
23,Espresso,OR,456,0.0,-459.0,885,3239,708,56,764
24,Espresso,OR,455,0.0,-917.0,884,2781,706,73,779
25,Espresso,OR,456,0.0,-461.0,884,3237,731,56,787
26,Espresso,OR,455,0.0,-919.0,883,2779,729,61,790
27,Espresso,OR,456,0.0,-463.0,883,3235,729,57,786
28,Espresso,OR,455,0.0,-921.0,882,2777,722,60,782
29,Espresso,OR,456,0.0,-465.0,882,3233,714,56,770
30,Espresso,OR,455,0.0,-923.0,881,2775,737,71,808
31,Espresso,OR,456,0.0,-1369.0,880,2329,704,66,770
32,Espresso,OR,454,0.0,-1815.0,879,1883,731,59,790
33,Espresso,OR,453,0.0,-456.0,879,3242,709,173,882
34,Espresso,OR,452,0.0,-1369.0,876,2329,741,277,1018
35,Espresso,OR,452,0.0,-1823.0,875,1875,722,59,781
36,Espresso,OR,449,0.0,-1374.0,875,2324,690,57,747
37,Espresso,OR,450,0.0,-1825.0,874,1873,678,60,738
38,Espresso,OR,450,0.0,-1375.0,874,2323,750,57,807
39,Espresso,OR,454,0.0,-1827.0,873,1871,705,59,764
40,Espresso,OR,449,0.0,-1378.0,873,2320,684,57,741
41,Espresso,OR,450,0.0,-1829.0,872,1869,686,71,757
42,Espresso,OR,451,0.0,-1378.0,872,2320,701,67,768
43,Espresso,OR,451,0.0,-1831.0,871,1867,745,59,804
44,Espresso,OR,447,0.0,-1384.0,871,2314,692,56,748
45,Espresso,OR,450,0.0,-1833.0,870,1865,662,64,726
46,Espresso,OR,445,0.0,-1388.0,870,2310,641,70,711
47,Espresso,OR,457,0.0,-931.0,870,2767,687,63,750
48,Espresso,OR,456,0.0,-1390.0,869,2308,686,71,757
49,Espresso,OR,444,0.0,-1399.0,868,2299,658,119,777
50,Espresso,OR,456,0.0,-1851.0,867,1847,695,60,755
51,Espresso,OR,444,0.0,-963.0,867,2735,692,113,805
52,Espresso,OR,458,0.0,-47.0,867,3651,727,102,829
53,Espresso,OR,456,0.0,-967.0,865,2731,719,120,839
54,Espresso,OR,453,0.0,-1859.0,863,1839,677,119,796
56,Espresso,AND,1,0.0,-1858.0,864,1840,16,102,118
57,Espresso,AND,2,0.0,-1856.0,865,1842,31,100,131
58,Espresso,AND,2,0.0,-1854.0,866,1844,22,100,122
59,Espresso,AND,2,0.0,-1852.0,867,1846,32,100,132
60,Espresso,AND,2,0.0,-1850.0,868,1848,30,101,131
61,Espresso,AND,2,0.0,-1848.0,869,1850,34,108,142
62,Espresso,AND,2,0.0,-1846.0,870,1852,47,100,147
63,Espresso,AND,2,0.0,-1844.0,871,1854,19,100,119
64,Espresso,AND,2,0.0,-1842.0,872,1856,32,100,132
65,Espresso,AND,2,0.0,-1840.0,873,1858,44,93,137
66,Espresso,AND,2,0.0,-1838.0,874,1860,31,101,132
67,Espresso,AND,2,0.0,-1836.0,875,1862,22,100,122
68,Espresso,AND,2,0.0,-1834.0,876,1864,32,112,144
69,Espresso,AND,2,0.0,-1832.0,877,1866,22,115,137
70,Espresso,AND,2,0.0,-1830.0,878,1868,15,114,129
71,Espresso,AND,2,0.0,-1828.0,879,1870,39,106,145
72,Espresso,AND,2,0.0,-1826.0,880,1872,31,116,147
73,Espresso,AND,2,0.0,-1824.0,881,1874,15,119,134
74,Espresso,AND,2,0.0,-1822.0,882,1876,32,99,131
75,Espresso,AND,2,0.0,-1820.0,883,1878,37,101,138
76,Espresso,AND,2,0.0,-1818.0,884,1880,47,84,131
77,Espresso,AND,2,0.0,-1816.0,885,1882,37,101,138
78,Espresso,AND,2,0.0,-1814.0,886,1884,32,111,143
79,Espresso,AND,2,0.0,-1812.0,887,1886,35,101,136
80,Espresso,AND,2,0.0,-1810.0,888,1888,31,100,131
81,Espresso,AND,2,0.0,-1808.0,889,1890,47,101,148
82,Espresso,AND,2,0.0,-1806.0,890,1892,26,99,125
83,Espresso,AND,2,0.0,-1804.0,891,1894,31,101,132
84,Espresso,AND,2,0.0,-1802.0,892,1896,31,103,134
85,Espresso,AND,2,0.0,-1800.0,893,1898,22,101,123
86,Espresso,AND,2,0.0,-1798.0,894,1900,42,101,143
87,Espresso,AND,2,0.0,-1796.0,895,1902,31,100,131
88,Espresso,AND,2,0.0,-1794.0,896,1904,31,102,133
89,Espresso,AND,2,0.0,-1792.0,897,1906,30,101,131
90,Espresso,AND,2,0.0,-1790.0,898,1908,17,116,133
91,Espresso,AND,2,0.0,-1788.0,899,1910,31,138,169
92,Espresso,AND,2,0.0,-1786.0,900,1912,16,116,132
93,Espresso,AND,2,0.0,-1784.0,901,1914,20,116,136
94,Espresso,AND,2,0.0,-1782.0,902,1916,16,105,121
95,Espresso,AND,2,0.0,-1780.0,903,1918,26,116,142
96,Espresso,AND,2,0.0,-1778.0,904,1920,31,101,132
97,Espresso,AND,2,0.0,-1776.0,905,1922,52,101,153
98,Espresso,AND,2,0.0,-1774.0,906,1924,67,164,247
99,Espresso,AND,2,0.0,-1772.0,907,1926,22,100,122
100,Espresso,AND,2,0.0,-1770.0,908,1928,16,147,163
101,Espresso,AND,2,0.0,-1768.0,909,1930,36,114,150
102,Espresso,AND,2,0.0,-1766.0,910,1932,48,100,148
103,Espresso,AND,2,0.0,-1764.0,911,1934,22,103,125
104,Espresso,AND,2,0.0,-1762.0,912,1936,31,118,149
105,Espresso,AND,2,0.0,-1760.0,913,1938,43,93,136
106,Espresso,AND,2,0.0,-1758.0,914,1940,31,101,132
107,Espresso,AND,2,0.0,-1756.0,915,1942,31,101,132
108,Espresso,AND,2,0.0,-1754.0,916,1944,31,122,153
109,Espresso,AND,2,0.0,-1752.0,917,1946,40,101,141
110,Espresso,AND,2,0.0,-1750.0,918,1948,38,98,136
111,Espresso,AND,2,0.0,-1748.0,919,1950,31,111,142
112,Espresso,AND,2,0.0,-1746.0,920,1952,53,100,153
113,Espresso,AND,2,0.0,-1744.0,921,1954,31,100,131
114,Espresso,AND,2,0.0,-1742.0,922,1956,31,100,131
115,Espresso,AND,2,0.0,-1740.0,923,1958,50,138,188
116,Espresso,AND,2,0.0,-1738.0,924,1960,63,170,233
117,Espresso,AND,2,0.0,-1736.0,925,1962,66,99,165
118,Espresso,AND,2,0.0,-1734.0,926,1964,100,116,216
119,Espresso,AND,2,0.0,-1732.0,927,1966,59,88,147
120,Espresso,AND,2,0.0,-1730.0,928,1968,31,100,131
121,Espresso,AND,2,0.0,-1728.0,929,1970,37,96,133
122,Espresso,AND,2,0.0,-1726.0,930,1972,37,101,138
123,Espresso,AND,2,0.0,-1724.0,931,1974,32,104,136
124,Espresso,AND,2,0.0,-1722.0,932,1976,53,100,153
125,Espresso,AND,4,0.0,-1718.0,933,1980,68,101,169
126,Espresso,AND,2,0.0,-1716.0,934,1982,31,100,131
127,Espresso,AND,3,0.0,-1713.0,935,1985,69,98,167
128,Espresso,AND,2,0.0,-1711.0,936,1987,42,98,140
129,Espresso,AND,2,0.0,-1709.0,937,1989,22,100,122
130,Espresso,AND,3,0.0,-1706.0,938,1992,47,100,147
131,Espresso,AND,2,0.0,-1704.0,939,1994,32,99,131
132,Espresso,AND,2,0.0,-1702.0,940,1996,37,97,134
133,Espresso,AND,2,0.0,-1700.0,941,1998,32,155,187
134,Espresso,AND,2,0.0,-1698.0,942,2000,35,96,131
135,Espresso,AND,2,0.0,-1696.0,943,2002,17,113,130
136,Espresso,AND,2,0.0,-1694.0,944,2004,25,106,131
137,Espresso,AND,2,0.0,-1692.0,945,2006,38,100,138
138,Espresso,AND,5,0.0,-1687.0,946,2011,63,101,164
139,Espresso,AND,2,0.0,-1685.0,947,2013,39,109,148
140,Espresso,AND,2,0.0,-1683.0,948,2015,25,106,131
141,Espresso,AND,2,0.0,-1681.0,949,2017,31,121,152
142,Espresso,AND,2,0.0,-1679.0,950,2019,31,100,131
143,Espresso,AND,2,0.0,-1677.0,951,2021,37,100,137
144,Espresso,AND,2,0.0,-1675.0,952,2023,35,100,135
145,Espresso,AND,2,0.0,-1673.0,953,2025,17,100,117
146,Espresso,AND,2,0.0,-1671.0,954,2027,29,86,115
147,Espresso,AND,2,0.0,-1669.0,955,2029,69,100,169
148,Espresso,AND,2,0.0,-1667.0,956,2031,29,116,145
149,Espresso,AND,2,0.0,-1665.0,957,2033,37,100,137
150,Espresso,AND,2,0.0,-1663.0,958,2035,19,103,122
151,Espresso,AND,2,0.0,-1661.0,959,2037,35,89,124
152,Espresso,AND,2,0.0,-1659.0,960,2039,23,146,169
153,Espresso,AND,2,0.0,-1657.0,961,2041,32,84,116
154,Espresso,AND,2,0.0,-1655.0,962,2043,31,116,147
155,Espresso,AND,2,0.0,-1653.0,963,2045,36,133,169
156,Espresso,AND,2,0.0,-1651.0,964,2047,22,132,154
157,Espresso,AND,2,0.0,-1649.0,965,2049,38,100,138
158,Espresso,AND,2,0.0,-1647.0,966,2051,37,94,131
159,Espresso,AND,2,0.0,-1645.0,967,2053,41,90,131
160,Espresso,AND,2,0.0,-1643.0,968,2055,50,92,142
161,Espresso,AND,7,0.0,-1636.0,969,2062,85,100,185
162,Espresso,AND,3,0.0,-1633.0,970,2065,71,102,173
163,Espresso,AND,2,0.0,-1631.0,971,2067,32,100,132
164,Espresso,AND,2,0.0,-1629.0,972,2069,29,101,130
165,Espresso,AND,2,0.0,-1627.0,973,2071,31,100,131
166,Espresso,AND,2,0.0,-1625.0,974,2073,49,114,163
167,Espresso,AND,2,0.0,-1623.0,975,2075,32,100,132
168,Espresso,AND,2,0.0,-1621.0,976,2077,47,104,151
169,Espresso,AND,2,0.0,-1619.0,977,2079,26,99,125
170,Espresso,AND,3,0.0,-1616.0,978,2082,53,101,154
171,Espresso,AND,2,0.0,-1614.0,979,2084,47,99,146
172,Espresso,AND,2,0.0,-1612.0,980,2086,48,100,148
173,Espresso,AND,2,0.0,-1610.0,981,2088,31,101,132
174,Espresso,AND,2,0.0,-1608.0,982,2090,53,100,153
175,Espresso,AND,2,0.0,-1606.0,983,2092,46,95,141
176,Espresso,AND,2,0.0,-1604.0,984,2094,69,100,169
177,Espresso,AND,2,0.0,-1602.0,985,2096,26,124,150
178,Espresso,AND,2,0.0,-1600.0,986,2098,40,91,131
179,Espresso,AND,2,0.0,-1598.0,987,2100,25,89,114
180,Espresso,AND,2,0.0,-1596.0,988,2102,38,100,138
181,Espresso,AND,2,0.0,-1594.0,989,2104,47,103,150
182,Espresso,AND,2,0.0,-1592.0,990,2106,51,118,169
183,Espresso,AND,2,0.0,-1590.0,991,2108,57,96,153
184,Espresso,AND,7,0.0,-1583.0,992,2115,116,100,216
185,Espresso,AND,2,0.0,-1581.0,993,2117,32,114,146
186,Espresso,AND,2,0.0,-1579.0,994,2119,31,100,131
187,Espresso,AND,2,0.0,-1577.0,995,2121,34,88,122
188,Espresso,AND,2,0.0,-1575.0,996,2123,32,100,132
189,Espresso,AND,2,0.0,-1573.0,997,2125,37,101,138
190,Espresso,AND,2,0.0,-1571.0,998,2127,31,132,163
191,Espresso,AND,2,0.0,-1569.0,999,2129,22,115,137
192,Espresso,AND,2,0.0,-1567.0,1000,2131,47,100,147
193,Espresso,AND,2,0.0,-1565.0,1001,2133,18,112,130
194,Espresso,AND,2,0.0,-1563.0,1002,2135,34,101,135
195,Espresso,AND,2,0.0,-1561.0,1003,2137,16,129,145
196,Espresso,AND,2,0.0,-1559.0,1004,2139,48,99,147
197,Espresso,AND,2,0.0,-1557.0,1005,2141,15,113,128
198,Espresso,AND,2,0.0,-1555.0,1006,2143,31,105,136
199,Espresso,AND,2,0.0,-1553.0,1007,2145,32,131,163
200,Espresso,AND,2,0.0,-1551.0,1008,2147,34,100,134
201,Espresso,AND,2,0.0,-1549.0,1009,2149,16,108,124
202,Espresso,AND,2,0.0,-1547.0,1010,2151,29,102,131
203,Espresso,AND,2,0.0,-1545.0,1011,2153,48,85,133
204,Espresso,AND,2,0.0,-1543.0,1012,2155,19,140,159
205,Espresso,AND,2,0.0,-1541.0,1013,2157,42,96,138
206,Espresso,AND,2,0.0,-1539.0,1014,2159,29,108,137
207,Espresso,AND,2,0.0,-1537.0,1015,2161,38,100,138
208,Espresso,AND,2,0.0,-1535.0,1016,2163,49,98,147
209,Espresso,AND,2,0.0,-1533.0,1017,2165,58,96,154
210,Espresso,AND,2,0.0,-1531.0,1018,2167,41,91,132
211,Espresso,AND,2,0.0,-1529.0,1019,2169,38,100,138
212,Espresso,AND,2,0.0,-1527.0,1020,2171,31,105,136
213,Espresso,AND,2,0.0,-1525.0,1021,2173,38,100,138
214,Espresso,AND,2,0.0,-1523.0,1022,2175,15,113,128
215,Espresso,AND,2,0.0,-1521.0,1023,2177,32,122,154
216,Espresso,AND,2,0.0,-1519.0,1024,2179,62,104,166
217,Espresso,AND,2,0.0,-1517.0,1025,2181,38,102,140
218,Espresso,AND,2,0.0,-1515.0,1026,2183,54,103,157
219,Espresso,AND,2,0.0,-1513.0,1027,2185,62,154,216
220,Espresso,AND,2,0.0,-1511.0,1028,2187,53,112,165
221,Espresso,AND,2,0.0,-1509.0,1029,2189,31,100,131
222,Espresso,AND,2,0.0,-1507.0,1030,2191,32,104,136
223,Espresso,AND,2,0.0,-1505.0,1031,2193,31,132,163
224,Espresso,AND,2,0.0,-1503.0,1032,2195,36,148,184
225,Espresso,AND,2,0.0,-1501.0,1033,2197,39,101,140
226,Espresso,AND,2,0.0,-1499.0,1034,2199,31,98,129
227,Espresso,AND,2,0.0,-1497.0,1035,2201,31,100,131
228,Espresso,AND,3,0.0,-1494.0,1036,2204,48,101,149
229,Espresso,AND,2,0.0,-1492.0,1037,2206,16,116,132
230,Espresso,AND,2,0.0,-1490.0,1038,2208,54,102,156
231,Espresso,AND,2,0.0,-1488.0,1039,2210,47,153,200
232,Espresso,AND,2,0.0,-1486.0,1040,2212,22,103,125
233,Espresso,AND,2,0.0,-1484.0,1041,2214,38,100,138
234,Espresso,AND,2,0.0,-1482.0,1042,2216,46,114,160
235,Espresso,AND,2,0.0,-1480.0,1043,2218,29,85,114
236,Espresso,AND,2,0.0,-1478.0,1044,2220,15,101,116
237,Espresso,AND,3,0.0,-1475.0,1045,2223,47,119,166
238,Espresso,AND,2,0.0,-1473.0,1046,2225,32,99,131
239,Espresso,AND,4,0.0,-1469.0,1047,2229,43,132,175
240,Espresso,AND,4,0.0,-1465.0,1048,2233,53,100,153
241,Espresso,AND,2,0.0,-1463.0,1049,2235,16,100,116
242,Espresso,AND,2,0.0,-1461.0,1050,2237,36,100,136
243,Espresso,AND,3,0.0,-1458.0,1051,2240,46,147,193
244,Espresso,AND,9,0.0,-1449.0,1052,2249,166,100,266
245,Espresso,AND,9,0.0,-1440.0,1053,2258,132,100,232
246,Espresso,AND,9,0.0,-1431.0,1054,2267,167,131,298
247,Espresso,AND,9,0.0,-1422.0,1055,2276,160,103,263
248,Espresso,AND,9,0.0,-1413.0,1056,2285,138,120,258
249,Espresso,AND,2,0.0,-1411.0,1057,2287,51,102,153
250,Espresso,AND,7,0.0,-1404.0,1058,2294,100,100,200
251,Espresso,AND,2,0.0,-1402.0,1059,2296,47,100,147
252,Espresso,AND,4,0.0,-1398.0,1060,2300,48,93,141
253,Espresso,AND,4,0.0,-1394.0,1061,2304,62,98,160
254,Espresso,AND,4,0.0,-1390.0,1062,2308,69,100,169
255,Espresso,AND,4,0.0,-1386.0,1063,2312,69,100,169
256,Espresso,AND,2,0.0,-1384.0,1064,2314,53,101,154
257,Espresso,AND,7,0.0,-1377.0,1065,2321,85,100,185
258,Espresso,AND,2,0.0,-1375.0,1066,2323,49,112,161
259,Espresso,AND,2,0.0,-1373.0,1067,2325,31,145,176
260,Espresso,AND,2,0.0,-1371.0,1068,2327,63,100,163
261,Espresso,AND,3,0.0,-1368.0,1069,2330,38,116,154
262,Espresso,AND,2,0.0,-1366.0,1070,2332,31,101,132
263,Espresso,AND,2,0.0,-1364.0,1071,2334,42,101,143
264,Espresso,AND,20,0.0,-1344.0,1072,2354,169,99,268
265,Espresso,AND,2,0.0,-1342.0,1073,2356,68,102,170
266,Espresso,AND,2,0.0,-1340.0,1074,2358,47,100,147
267,Espresso,AND,7,0.0,-1333.0,1075,2365,112,150,262
268,Espresso,AND,2,0.0,-1331.0,1076,2367,32,100,132
269,Espresso,AND,2,0.0,-1329.0,1077,2369,41,100,141
270,Espresso,AND,2,0.0,-1327.0,1078,2371,31,100,131
271,Espresso,AND,3,0.0,-1324.0,1079,2374,42,101,143
272,Espresso,AND,3,0.0,-1321.0,1080,2377,47,116,163
273,Espresso,AND,2,0.0,-1319.0,1081,2379,28,97,125
274,Espresso,AND,2,0.0,-1317.0,1082,2381,31,100,131
275,Espresso,AND,2,0.0,-1315.0,1083,2383,43,95,138
276,Espresso,AND,2,0.0,-1313.0,1084,2385,69,147,216
277,Espresso,AND,2,0.0,-1311.0,1085,2387,54,92,146
278,Espresso,AND,3,0.0,-1308.0,1086,2390,79,102,181
279,Espresso,AND,2,0.0,-1306.0,1087,2392,84,147,231
280,Espresso,AND,2,0.0,-1304.0,1088,2394,49,98,147
281,Espresso,AND,2,0.0,-1302.0,1089,2396,69,100,169
282,Espresso,AND,2,0.0,-1300.0,1090,2398,43,94,137
283,Espresso,AND,2,0.0,-1298.0,1091,2400,47,100,147
284,Espresso,AND,2,0.0,-1296.0,1092,2402,51,112,163
285,Espresso,AND,2,0.0,-1294.0,1093,2404,38,115,153
286,Espresso,AND,2,0.0,-1292.0,1094,2406,16,100,116
287,Espresso,AND,2,0.0,-1290.0,1095,2408,37,99,136
288,Espresso,AND,2,0.0,-1288.0,1096,2410,46,101,147
289,Espresso,AND,3,0.0,-1285.0,1097,2413,54,100,154
290,Espresso,AND,2,0.0,-1283.0,1098,2415,47,108,155
291,Espresso,AND,2,0.0,-1281.0,1099,2417,38,109,147
292,Espresso,AND,2,0.0,-1279.0,1100,2419,15,101,116
293,Espresso,AND,2,0.0,-1277.0,1101,2421,55,85,140
294,Espresso,AND,2,0.0,-1275.0,1102,2423,69,106,175
295,Espresso,AND,2,0.0,-1273.0,1103,2425,47,105,152
296,Espresso,AND,2,0.0,-1271.0,1104,2427,37,100,137
297,Espresso,AND,2,0.0,-1269.0,1105,2429,32,115,147
298,Espresso,AND,2,0.0,-1267.0,1106,2431,27,108,135
299,Espresso,AND,2,0.0,-1265.0,1107,2433,30,115,145
300,Espresso,AND,2,0.0,-1263.0,1108,2435,47,123,170
301,Espresso,AND,2,0.0,-1261.0,1109,2437,46,101,147
302,Espresso,AND,2,0.0,-1259.0,1110,2439,37,100,137
303,Espresso,AND,2,0.0,-1257.0,1111,2441,47,98,145
304,Espresso,AND,2,0.0,-1255.0,1112,2443,32,99,131
305,Espresso,AND,2,0.0,-1253.0,1113,2445,31,91,122
306,Espresso,AND,2,0.0,-1251.0,1114,2447,37,101,138
307,Espresso,AND,2,0.0,-1249.0,1115,2449,42,86,128
308,Espresso,AND,2,0.0,-1247.0,1116,2451,38,116,154
309,Espresso,AND,2,0.0,-1245.0,1117,2453,31,91,122
310,Espresso,AND,2,0.0,-1243.0,1118,2455,37,101,138
311,Espresso,AND,2,0.0,-1241.0,1119,2457,31,115,146
312,Espresso,AND,2,0.0,-1239.0,1120,2459,31,100,131
313,Espresso,AND,2,0.0,-1237.0,1121,2461,20,100,120
314,Espresso,AND,2,0.0,-1235.0,1122,2463,31,100,131
315,Espresso,AND,2,0.0,-1233.0,1123,2465,45,92,137
316,Espresso,AND,2,0.0,-1231.0,1124,2467,64,95,159
317,Espresso,AND,2,0.0,-1229.0,1125,2469,47,100,147
318,Espresso,AND,4,0.0,-1225.0,1126,2473,95,100,195
319,Espresso,AND,2,0.0,-1223.0,1127,2475,49,116,165
320,Espresso,AND,2,0.0,-1221.0,1128,2477,69,132,201
321,Espresso,AND,2,0.0,-1219.0,1129,2479,54,106,160
322,Espresso,AND,3,0.0,-1216.0,1130,2482,47,113,160
323,Espresso,AND,2,0.0,-1214.0,1131,2484,32,136,168
324,Espresso,AND,2,0.0,-1212.0,1132,2486,31,100,131
325,Espresso,AND,2,0.0,-1210.0,1133,2488,54,99,153
326,Espresso,AND,2,0.0,-1208.0,1134,2490,51,100,151
327,Espresso,AND,2,0.0,-1206.0,1135,2492,65,135,200
328,Espresso,AND,2,0.0,-1204.0,1136,2494,31,100,131
329,Espresso,AND,2,0.0,-1202.0,1137,2496,38,100,138
330,Espresso,AND,2,0.0,-1200.0,1138,2498,32,116,148
331,Espresso,AND,2,0.0,-1198.0,1139,2500,31,148,179
332,Espresso,AND,2,0.0,-1196.0,1140,2502,32,100,132
333,Espresso,AND,2,0.0,-1194.0,1141,2504,50,98,148
334,Espresso,AND,2,0.0,-1192.0,1142,2506,31,100,131
335,Espresso,AND,2,0.0,-1190.0,1143,2508,31,100,131
336,Espresso,AND,2,0.0,-1188.0,1144,2510,36,116,152
337,Espresso,AND,2,0.0,-1186.0,1145,2512,38,99,137
338,Espresso,AND,2,0.0,-1184.0,1146,2514,46,154,200
339,Espresso,AND,2,0.0,-1182.0,1147,2516,50,92,142
340,Espresso,AND,20,0.0,-1162.0,1148,2536,183,95,278
341,Espresso,AND,2,0.0,-1160.0,1149,2538,17,100,117
342,Espresso,AND,2,0.0,-1158.0,1150,2540,100,101,201
343,Espresso,AND,2,0.0,-1156.0,1151,2542,116,100,216
344,Espresso,AND,2,0.0,-1154.0,1152,2544,88,88,176
345,Espresso,AND,2,0.0,-1152.0,1153,2546,108,100,208
346,Espresso,AND,2,0.0,-1150.0,1154,2548,44,88,132
347,Espresso,AND,3,0.0,-1147.0,1155,2551,82,102,184
348,Espresso,AND,6,0.0,-1141.0,1156,2557,149,100,249
349,Espresso,AND,2,0.0,-1139.0,1157,2559,69,98,167
350,Espresso,AND,2,0.0,-1137.0,1158,2561,62,101,163
351,Espresso,AND,5,0.0,-1132.0,1159,2566,116,147,263
352,Espresso,AND,6,0.0,-1126.0,1160,2572,137,132,269
353,Espresso,AND,2,0.0,-1124.0,1161,2574,31,104,135
354,Espresso,AND,2,0.0,-1122.0,1162,2576,32,100,132
355,Espresso,AND,2,0.0,-1120.0,1163,2578,52,99,151
356,Espresso,AND,2,0.0,-1118.0,1164,2580,31,100,131
357,Espresso,AND,2,0.0,-1116.0,1165,2582,26,125,151
358,Espresso,AND,2,0.0,-1114.0,1166,2584,40,92,132
359,Espresso,AND,2,0.0,-1112.0,1167,2586,29,123,152
360,Espresso,AND,2,0.0,-1110.0,1168,2588,48,101,149
361,Espresso,AND,2,0.0,-1108.0,1169,2590,69,87,157
362,Espresso,AND,2,0.0,-1106.0,1170,2592,32,116,148
363,Espresso,AND,2,0.0,-1104.0,1171,2594,41,115,156
364,Espresso,AND,2,0.0,-1102.0,1172,2596,85,115,200
365,Espresso,AND,2,0.0,-1100.0,1173,2598,108,101,209
366,Espresso,AND,2,0.0,-1098.0,1174,2600,37,104,141
367,Espresso,AND,2,0.0,-1096.0,1175,2602,100,100,200
368,Espresso,AND,2,0.0,-1094.0,1176,2604,47,110,157
369,Espresso,AND,2,0.0,-1092.0,1177,2606,48,100,148
370,Espresso,AND,20,0.0,-1072.0,1178,2626,173,96,269
371,Espresso,AND,2,0.0,-1070.0,1179,2628,22,100,122
372,Espresso,AND,5,0.0,-1065.0,1180,2633,76,100,176
373,Espresso,AND,2,0.0,-1063.0,1181,2635,85,100,185
374,Espresso,AND,2,0.0,-1061.0,1182,2637,100,100,200
375,Espresso,AND,2,0.0,-1059.0,1183,2639,50,101,151
376,Espresso,AND,2,0.0,-1057.0,1184,2641,25,106,131
377,Espresso,AND,2,0.0,-1055.0,1185,2643,69,102,171
378,Espresso,AND,2,0.0,-1053.0,1186,2645,69,116,185
379,Espresso,AND,2,0.0,-1051.0,1187,2647,31,110,141
380,Espresso,AND,2,0.0,-1049.0,1188,2649,39,113,152
381,Espresso,AND,2,0.0,-1047.0,1189,2651,31,144,175
382,Espresso,AND,2,0.0,-1045.0,1190,2653,34,133,167
383,Espresso,AND,2,0.0,-1043.0,1191,2655,99,134,233
384,Espresso,AND,2,0.0,-1041.0,1192,2657,65,100,165
385,Espresso,AND,2,0.0,-1039.0,1193,2659,37,95,132
386,Espresso,AND,2,0.0,-1037.0,1194,2661,85,100,185
387,Espresso,AND,2,0.0,-1035.0,1195,2663,39,99,138
388,Espresso,AND,2,0.0,-1033.0,1196,2665,84,100,184
389,Espresso,AND,2,0.0,-1031.0,1197,2667,27,103,130
390,Espresso,AND,2,0.0,-1029.0,1198,2669,37,132,169
391,Espresso,AND,2,0.0,-1027.0,1199,2671,65,100,165
392,Espresso,AND,2,0.0,-1025.0,1200,2673,32,137,169
393,Espresso,AND,2,0.0,-1023.0,1201,2675,91,85,176
394,Espresso,AND,2,0.0,-1021.0,1202,2677,46,101,147
395,Espresso,AND,2,0.0,-1019.0,1203,2679,100,100,200
396,Espresso,AND,2,0.0,-1017.0,1204,2681,85,91,176
397,Espresso,AND,2,0.0,-1015.0,1205,2683,69,100,169
398,Espresso,AND,2,0.0,-1013.0,1206,2685,47,107,154
399,Espresso,AND,5,0.0,-1008.0,1207,2690,85,100,185
400,Espresso,AND,2,0.0,-1006.0,1208,2692,43,104,147
401,Espresso,AND,11,0.0,-995.0,1209,2703,185,100,285
402,Espresso,AND,2,0.0,-993.0,1210,2705,52,100,152
403,Espresso,AND,2,0.0,-991.0,1211,2707,32,106,138
404,Espresso,AND,2,0.0,-989.0,1212,2709,54,100,154
405,Espresso,AND,2,0.0,-987.0,1213,2711,47,100,147
406,Espresso,AND,2,0.0,-985.0,1214,2713,42,100,142
407,Espresso,AND,2,0.0,-983.0,1215,2715,47,104,151
408,Espresso,AND,3,0.0,-980.0,1216,2718,66,100,166
409,Espresso,AND,2,0.0,-978.0,1217,2720,85,102,187
410,Espresso,AND,4,0.0,-974.0,1218,2724,53,100,153
411,Espresso,AND,2,0.0,-972.0,1219,2726,47,104,151
412,Espresso,AND,2,0.0,-970.0,1220,2728,23,100,139
413,Espresso,AND,3,0.0,-967.0,1221,2731,69,100,169
414,Espresso,AND,2,0.0,-965.0,1222,2733,47,100,147
415,Espresso,AND,9,0.0,-956.0,1223,2742,370,99,469
416,Espresso,AND,9,0.0,-947.0,1224,2751,379,99,478
417,Espresso,AND,9,0.0,-938.0,1225,2760,389,91,480
418,Espresso,AND,9,0.0,-929.0,1226,2769,380,100,480
419,Espresso,AND,4,0.0,-925.0,1227,2773,78,100,178
420,Espresso,AND,4,0.0,-921.0,1228,2777,72,102,174
421,Espresso,AND,2,0.0,-919.0,1229,2779,38,100,138
422,Espresso,AND,2,0.0,-917.0,1230,2781,31,153,184
423,Espresso,AND,2,0.0,-915.0,1231,2783,32,100,132
424,Espresso,AND,3,0.0,-912.0,1232,2786,54,100,154
425,Espresso,AND,2,0.0,-910.0,1233,2788,100,100,200
426,Espresso,AND,2,0.0,-908.0,1234,2790,31,111,142
427,Espresso,AND,3,0.0,-905.0,1235,2793,47,100,147
428,Espresso,AND,3,0.0,-902.0,1236,2796,128,107,235
429,Espresso,AND,3,0.0,-899.0,1237,2799,116,100,216
430,Espresso,AND,2,0.0,-897.0,1238,2801,46,97,143
431,Espresso,AND,2,0.0,-895.0,1239,2803,45,86,131
432,Espresso,AND,2,0.0,-893.0,1240,2805,30,100,130
433,Espresso,AND,2,0.0,-891.0,1241,2807,31,101,132
434,Espresso,AND,2,0.0,-889.0,1242,2809,34,87,121
435,Espresso,AND,2,0.0,-887.0,1243,2811,40,91,131
436,Espresso,AND,2,0.0,-885.0,1244,2813,33,100,133
437,Espresso,AND,2,0.0,-883.0,1245,2815,32,100,132
438,Espresso,AND,2,0.0,-881.0,1246,2817,34,93,127
439,Espresso,AND,2,0.0,-879.0,1247,2819,47,100,147
440,Espresso,AND,2,0.0,-877.0,1248,2821,48,87,135
441,Espresso,AND,2,0.0,-875.0,1249,2823,31,100,131
442,Espresso,AND,2,0.0,-873.0,1250,2825,52,100,152
443,Espresso,AND,2,0.0,-871.0,1251,2827,31,100,131
444,Espresso,AND,2,0.0,-869.0,1252,2829,31,122,153
445,Espresso,AND,2,0.0,-867.0,1253,2831,31,101,132
446,Espresso,AND,2,0.0,-865.0,1254,2833,40,100,140
447,Espresso,AND,2,0.0,-863.0,1255,2835,63,100,163
448,Espresso,AND,2,0.0,-861.0,1256,2837,34,100,134
449,Espresso,AND,2,0.0,-859.0,1257,2839,31,146,177
450,Espresso,AND,2,0.0,-857.0,1258,2841,31,100,131
451,Espresso,AND,2,0.0,-855.0,1259,2843,44,99,143
452,Espresso,AND,2,0.0,-853.0,1260,2845,31,100,131
453,Espresso,AND,2,0.0,-851.0,1261,2847,31,114,145
454,Espresso,AND,2,0.0,-849.0,1262,2849,32,120,152
455,Espresso,AND,2,0.0,-847.0,1263,2851,32,100,132
456,Espresso,AND,2,0.0,-845.0,1264,2853,38,100,138
457,Espresso,AND,2,0.0,-843.0,1265,2855,47,100,147
458,Espresso,AND,2,0.0,-841.0,1266,2857,51,119,170
459,Espresso,AND,2,0.0,-839.0,1267,2859,31,112,143
460,Espresso,AND,2,0.0,-837.0,1268,2861,37,132,169
461,Espresso,AND,2,0.0,-835.0,1269,2863,34,92,126
462,Espresso,AND,2,0.0,-833.0,1270,2865,47,100,147
463,Espresso,AND,2,0.0,-831.0,1271,2867,20,101,121
464,Espresso,AND,2,0.0,-829.0,1272,2869,31,122,153
465,Espresso,AND,2,0.0,-827.0,1273,2871,39,183,222
466,Espresso,AND,2,0.0,-825.0,1274,2873,65,99,164
467,Espresso,AND,2,0.0,-823.0,1275,2875,53,94,147
468,Espresso,AND,2,0.0,-821.0,1276,2877,50,100,150
469,Espresso,AND,2,0.0,-819.0,1277,2879,52,115,167
470,Espresso,AND,2,0.0,-817.0,1278,2881,49,101,150
471,Espresso,AND,2,0.0,-815.0,1279,2883,53,100,153
472,Espresso,AND,2,0.0,-813.0,1280,2885,51,102,153
473,Espresso,AND,2,0.0,-811.0,1281,2887,47,100,147
474,Espresso,AND,2,0.0,-809.0,1282,2889,53,131,184
475,Espresso,AND,2,0.0,-807.0,1283,2891,53,111,164
476,Espresso,AND,2,0.0,-805.0,1284,2893,32,102,134
477,Espresso,AND,2,0.0,-803.0,1285,2895,19,147,166
478,Espresso,AND,2,0.0,-801.0,1286,2897,37,101,138
479,Espresso,AND,2,0.0,-799.0,1287,2899,31,100,131
480,Espresso,AND,2,0.0,-797.0,1288,2901,54,100,154
481,Espresso,AND,2,0.0,-795.0,1289,2903,63,153,216
482,Espresso,AND,2,0.0,-793.0,1290,2905,31,99,130
483,Espresso,AND,2,0.0,-791.0,1291,2907,37,100,137
484,Espresso,AND,2,0.0,-789.0,1292,2909,47,102,149
485,Espresso,AND,2,0.0,-787.0,1293,2911,38,115,153
486,Espresso,AND,2,0.0,-785.0,1294,2913,32,106,138
487,Espresso,AND,2,0.0,-783.0,1295,2915,25,100,125
488,Espresso,AND,2,0.0,-781.0,1296,2917,31,100,131
489,Espresso,AND,2,0.0,-779.0,1297,2919,75,99,174
490,Espresso,AND,2,0.0,-777.0,1298,2921,69,100,169
491,Espresso,AND,2,0.0,-775.0,1299,2923,67,100,167
492,Espresso,AND,2,0.0,-773.0,1300,2925,85,92,177
493,Espresso,AND,2,0.0,-771.0,1301,2927,84,100,184
494,Espresso,AND,2,0.0,-769.0,1302,2929,67,96,163
495,Espresso,AND,2,0.0,-767.0,1303,2931,62,101,163
496,Espresso,AND,2,0.0,-765.0,1304,2933,40,98,138
497,Espresso,AND,2,0.0,-763.0,1305,2935,47,101,148
498,Espresso,AND,2,0.0,-761.0,1306,2937,32,101,133
499,Espresso,AND,2,0.0,-759.0,1307,2939,32,100,132
500,Espresso,AND,2,0.0,-757.0,1308,2941,38,101,139
501,Espresso,AND,2,0.0,-755.0,1309,2943,31,101,132
502,Espresso,AND,2,0.0,-753.0,1310,2945,23,117,140
503,Espresso,AND,2,0.0,-751.0,1311,2947,47,100,147
504,Espresso,AND,2,0.0,-749.0,1312,2949,48,105,153
505,Espresso,AND,2,0.0,-747.0,1313,2951,63,107,170
506,Espresso,AND,2,0.0,-745.0,1314,2953,38,144,182
507,Espresso,AND,2,0.0,-743.0,1315,2955,38,100,138
508,Espresso,AND,2,0.0,-741.0,1316,2957,32,100,132
509,Espresso,AND,2,0.0,-739.0,1317,2959,38,115,153
510,Espresso,AND,2,0.0,-737.0,1318,2961,42,105,147
511,Espresso,AND,2,0.0,-735.0,1319,2963,34,116,150
512,Espresso,AND,2,0.0,-733.0,1320,2965,37,116,153
513,Espresso,AND,2,0.0,-731.0,1321,2967,100,100,200
514,Espresso,AND,2,0.0,-729.0,1322,2969,69,99,168
515,Espresso,AND,2,0.0,-727.0,1323,2971,46,101,147
516,Espresso,AND,2,0.0,-725.0,1324,2973,53,131,184
517,Espresso,AND,2,0.0,-723.0,1325,2975,37,100,137
518,Espresso,AND,2,0.0,-721.0,1326,2977,49,100,149
519,Espresso,AND,2,0.0,-719.0,1327,2979,32,100,132
520,Espresso,AND,2,0.0,-717.0,1328,2981,31,109,140
521,Espresso,AND,2,0.0,-715.0,1329,2983,34,100,134
522,Espresso,AND,2,0.0,-713.0,1330,2985,47,100,147
523,Espresso,AND,2,0.0,-711.0,1331,2987,36,84,121
524,Espresso,AND,2,0.0,-709.0,1332,2989,31,138,169
525,Espresso,AND,2,0.0,-707.0,1333,2991,31,100,131
526,Espresso,AND,2,0.0,-705.0,1334,2993,32,102,134
527,Espresso,AND,2,0.0,-703.0,1335,2995,52,87,139
528,Espresso,AND,2,0.0,-701.0,1336,2997,47,85,132
529,Espresso,AND,2,0.0,-699.0,1337,2999,46,100,146
530,Espresso,AND,2,0.0,-697.0,1338,3001,63,100,163
531,Espresso,AND,2,0.0,-695.0,1339,3003,47,100,147
532,Espresso,AND,2,0.0,-693.0,1340,3005,32,131,163
533,Espresso,AND,2,0.0,-691.0,1341,3007,47,96,143
534,Espresso,AND,2,0.0,-689.0,1342,3009,32,100,132
535,Espresso,AND,2,0.0,-687.0,1343,3011,31,114,145
536,Espresso,AND,2,0.0,-685.0,1344,3013,31,100,131
537,Espresso,AND,2,0.0,-683.0,1345,3015,31,101,132
538,Espresso,AND,2,0.0,-681.0,1346,3017,47,100,147
539,Espresso,AND,2,0.0,-679.0,1347,3019,37,101,138
540,Espresso,AND,2,0.0,-677.0,1348,3021,47,100,147
541,Espresso,AND,2,0.0,-675.0,1349,3023,49,89,138
542,Espresso,AND,2,0.0,-673.0,1350,3025,31,100,131
543,Espresso,AND,2,0.0,-671.0,1351,3027,31,100,131
544,Espresso,AND,2,0.0,-669.0,1352,3029,49,101,150
545,Espresso,AND,2,0.0,-667.0,1353,3031,47,100,147
546,Espresso,AND,2,0.0,-665.0,1354,3033,52,100,152
547,Espresso,AND,2,0.0,-663.0,1355,3035,32,102,134
548,Espresso,AND,2,0.0,-661.0,1356,3037,47,100,147
549,Espresso,AND,2,0.0,-659.0,1357,3039,54,115,169
550,Espresso,AND,2,0.0,-657.0,1358,3041,47,123,170
551,Espresso,AND,2,0.0,-655.0,1359,3043,32,113,145
552,Espresso,AND,2,0.0,-653.0,1360,3045,32,99,131
553,Espresso,AND,2,0.0,-651.0,1361,3047,31,98,129
554,Espresso,AND,2,0.0,-649.0,1362,3049,33,100,133
555,Espresso,AND,2,0.0,-647.0,1363,3051,38,128,166
556,Espresso,AND,2,0.0,-645.0,1364,3053,47,100,147
557,Espresso,AND,2,0.0,-643.0,1365,3055,32,104,136
558,Espresso,AND,2,0.0,-641.0,1366,3057,47,100,147
559,Espresso,AND,2,0.0,-639.0,1367,3059,34,99,133
560,Espresso,AND,2,0.0,-637.0,1368,3061,47,100,147
561,Espresso,AND,2,0.0,-635.0,1369,3063,37,101,138
562,Espresso,AND,2,0.0,-633.0,1370,3065,47,91,138
563,Espresso,AND,2,0.0,-631.0,1371,3067,34,100,134
564,Espresso,AND,2,0.0,-629.0,1372,3069,23,106,129
565,Espresso,AND,2,0.0,-627.0,1373,3071,39,99,138
566,Espresso,AND,3,0.0,-624.0,1374,3074,74,108,182
567,Espresso,AND,2,0.0,-622.0,1375,3076,32,93,125
568,Espresso,AND,2,0.0,-620.0,1376,3078,44,93,137
569,Espresso,AND,2,0.0,-618.0,1377,3080,32,115,147
570,Espresso,AND,2,0.0,-616.0,1378,3082,39,96,135
571,Espresso,AND,2,0.0,-614.0,1379,3084,31,153,184
572,Espresso,AND,2,0.0,-612.0,1380,3086,47,106,153
573,Espresso,AND,2,0.0,-610.0,1381,3088,31,100,131
574,Espresso,AND,2,0.0,-608.0,1382,3090,41,97,138
575,Espresso,AND,2,0.0,-606.0,1383,3092,47,100,147
576,Espresso,AND,2,0.0,-604.0,1384,3094,37,116,153
577,Espresso,AND,2,0.0,-602.0,1385,3096,38,99,137
578,Espresso,AND,2,0.0,-600.0,1386,3098,47,103,150
579,Espresso,AND,2,0.0,-598.0,1387,3100,50,91,141
580,Espresso,AND,2,0.0,-596.0,1388,3102,35,95,130
581,Espresso,AND,2,0.0,-594.0,1389,3104,47,100,147
582,Espresso,AND,2,0.0,-592.0,1390,3106,43,173,216
583,Espresso,AND,2,0.0,-590.0,1391,3108,47,99,146
584,Espresso,AND,2,0.0,-588.0,1392,3110,45,87,132
585,Espresso,AND,2,0.0,-586.0,1393,3112,38,100,138
586,Espresso,AND,2,0.0,-584.0,1394,3114,31,106,137
587,Espresso,AND,2,0.0,-582.0,1395,3116,53,148,201
588,Espresso,AND,2,0.0,-580.0,1396,3118,116,99,215
589,Espresso,AND,2,0.0,-578.0,1397,3120,86,100,186
590,Espresso,AND,2,0.0,-576.0,1398,3122,37,101,138
591,Espresso,AND,2,0.0,-574.0,1399,3124,47,115,162
592,Espresso,AND,2,0.0,-572.0,1400,3126,64,97,161
593,Espresso,AND,2,0.0,-570.0,1401,3128,46,100,146
594,Espresso,AND,2,0.0,-568.0,1402,3130,26,100,126
595,Espresso,AND,2,0.0,-566.0,1403,3132,31,100,131
596,Espresso,AND,5,0.0,-561.0,1404,3137,128,94,222
597,Espresso,AND,5,0.0,-556.0,1405,3142,171,95,266
598,Espresso,AND,2,0.0,-554.0,1406,3144,62,101,163
599,Espresso,AND,2,0.0,-552.0,1407,3146,41,100,141
600,Espresso,AND,2,0.0,-550.0,1408,3148,40,93,133
601,Espresso,AND,2,0.0,-548.0,1409,3150,38,100,138
602,Espresso,AND,2,0.0,-546.0,1410,3152,47,100,147
603,Espresso,AND,2,0.0,-544.0,1411,3154,40,100,140
604,Espresso,AND,2,0.0,-542.0,1412,3156,38,100,138
605,Espresso,AND,2,0.0,-540.0,1413,3158,31,135,166
606,Espresso,AND,2,0.0,-538.0,1414,3160,47,100,147
607,Espresso,AND,2,0.0,-536.0,1415,3162,54,105,159
608,Espresso,AND,2,0.0,-534.0,1416,3164,47,133,180
609,Espresso,AND,2,0.0,-532.0,1417,3166,31,100,131
610,Espresso,AND,2,0.0,-530.0,1418,3168,38,100,138
611,Espresso,AND,2,0.0,-528.0,1419,3170,35,90,125
612,Espresso,AND,2,0.0,-526.0,1420,3172,36,100,136
613,Espresso,AND,2,0.0,-524.0,1421,3174,47,100,147
614,Espresso,AND,2,0.0,-522.0,1422,3176,33,116,149
615,Espresso,AND,2,0.0,-520.0,1423,3178,36,100,136
616,Espresso,AND,2,0.0,-518.0,1424,3180,35,96,131
617,Espresso,AND,2,0.0,-516.0,1425,3182,53,132,185
618,Espresso,AND,2,0.0,-514.0,1426,3184,33,103,136
619,Espresso,AND,2,0.0,-512.0,1427,3186,47,100,147
620,Espresso,AND,2,0.0,-510.0,1428,3188,23,115,138
621,Espresso,AND,2,0.0,-508.0,1429,3190,36,100,136
622,Espresso,AND,2,0.0,-506.0,1430,3192,47,107,155
623,Espresso,AND,2,0.0,-504.0,1431,3194,65,115,180
624,Espresso,AND,2,0.0,-502.0,1432,3196,50,100,150
625,Espresso,AND,2,0.0,-500.0,1433,3198,31,100,131
626,Espresso,AND,2,0.0,-498.0,1434,3200,34,100,134
627,Espresso,AND,2,0.0,-496.0,1435,3202,47,100,147
628,Espresso,AND,2,0.0,-494.0,1436,3204,24,100,124
629,Espresso,AND,2,0.0,-492.0,1437,3206,47,116,163
630,Espresso,AND,2,0.0,-490.0,1438,3208,38,100,138
631,Espresso,AND,2,0.0,-488.0,1439,3210,69,100,169
632,Espresso,AND,2,0.0,-486.0,1440,3212,42,100,142
633,Espresso,AND,2,0.0,-484.0,1441,3214,31,100,131
634,Espresso,AND,2,0.0,-482.0,1442,3216,25,102,127
635,Espresso,AND,2,0.0,-480.0,1443,3218,37,147,184
636,Espresso,AND,2,0.0,-478.0,1444,3220,41,100,141
637,Espresso,AND,2,0.0,-476.0,1445,3222,47,102,149
638,Espresso,AND,2,0.0,-474.0,1446,3224,31,100,131
639,Espresso,AND,2,0.0,-472.0,1447,3226,31,138,169
640,Espresso,AND,2,0.0,-470.0,1448,3228,32,106,138
641,Espresso,AND,2,0.0,-468.0,1449,3230,69,100,169
642,Espresso,AND,2,0.0,-466.0,1450,3232,31,105,136
643,Espresso,AND,2,0.0,-464.0,1451,3234,47,101,148
644,Espresso,AND,2,0.0,-462.0,1452,3236,27,100,127
645,Espresso,AND,2,0.0,-460.0,1453,3238,55,114,169
646,Espresso,AND,2,0.0,-458.0,1454,3240,26,140,166
647,Espresso,AND,2,0.0,-456.0,1455,3242,38,100,138
648,Espresso,AND,2,0.0,-454.0,1456,3244,28,106,134
649,Espresso,AND,2,0.0,-452.0,1457,3246,50,131,181
650,Espresso,AND,2,0.0,-450.0,1458,3248,27,99,126
651,Espresso,AND,2,0.0,-448.0,1459,3250,48,99,147
652,Espresso,AND,2,0.0,-446.0,1460,3252,47,104,151
653,Espresso,AND,2,0.0,-444.0,1461,3254,54,100,154
654,Espresso,AND,2,0.0,-442.0,1462,3256,47,85,132
655,Espresso,AND,2,0.0,-440.0,1463,3258,38,99,137
656,Espresso,AND,2,0.0,-438.0,1464,3260,55,85,140
657,Espresso,AND,2,0.0,-436.0,1465,3262,32,100,132
658,Espresso,AND,2,0.0,-434.0,1466,3264,43,89,132
659,Espresso,AND,2,0.0,-432.0,1467,3266,32,101,133
660,Espresso,AND,2,0.0,-430.0,1468,3268,47,121,168
661,Espresso,AND,2,0.0,-428.0,1469,3270,47,100,147
662,Espresso,AND,2,0.0,-426.0,1470,3272,42,115,157
663,Espresso,AND,2,0.0,-424.0,1471,3274,31,100,131
664,Espresso,AND,2,0.0,-422.0,1472,3276,46,100,146
665,Espresso,AND,2,0.0,-420.0,1473,3278,50,100,150
666,Espresso,AND,2,0.0,-418.0,1474,3280,47,101,148
667,Espresso,AND,2,0.0,-416.0,1475,3282,54,100,154
668,Espresso,AND,2,0.0,-414.0,1476,3284,31,116,147
669,Espresso,AND,2,0.0,-412.0,1477,3286,38,100,138
670,Espresso,AND,2,0.0,-410.0,1478,3288,31,126,157
671,Espresso,AND,2,0.0,-408.0,1479,3290,47,100,147
672,Espresso,AND,2,0.0,-406.0,1480,3292,53,100,153
673,Espresso,AND,2,0.0,-404.0,1481,3294,47,100,147
674,Espresso,AND,2,0.0,-402.0,1482,3296,38,100,138
675,Espresso,AND,2,0.0,-400.0,1483,3298,47,100,147
676,Espresso,AND,2,0.0,-398.0,1484,3300,38,100,138
677,Espresso,AND,2,0.0,-396.0,1485,3302,47,107,154
678,Espresso,AND,2,0.0,-394.0,1486,3304,52,101,153
679,Espresso,AND,2,0.0,-392.0,1487,3306,34,105,139
680,Espresso,AND,2,0.0,-390.0,1488,3308,28,101,129
681,Espresso,AND,2,0.0,-388.0,1489,3310,42,105,147
682,Espresso,AND,2,0.0,-386.0,1490,3312,47,100,147
683,Espresso,AND,2,0.0,-384.0,1491,3314,41,100,141
684,Espresso,AND,2,0.0,-382.0,1492,3316,46,101,147
685,Espresso,AND,2,0.0,-380.0,1493,3318,51,100,151
686,Espresso,AND,2,0.0,-378.0,1494,3320,66,100,166
687,Espresso,AND,2,0.0,-376.0,1495,3322,51,91,142
688,Espresso,AND,2,0.0,-374.0,1496,3324,52,100,152
689,Espresso,AND,2,0.0,-372.0,1497,3326,32,104,136
690,Espresso,AND,2,0.0,-370.0,1498,3328,38,100,138
691,Espresso,AND,2,0.0,-368.0,1499,3330,47,90,137
692,Espresso,AND,2,0.0,-366.0,1500,3332,37,132,169
693,Espresso,AND,2,0.0,-364.0,1501,3334,38,100,138
694,Espresso,AND,2,0.0,-362.0,1502,3336,34,97,131
695,Espresso,AND,2,0.0,-360.0,1503,3338,44,111,155
696,Espresso,AND,2,0.0,-358.0,1504,3340,53,101,154
697,Espresso,AND,2,0.0,-356.0,1505,3342,47,105,152
698,Espresso,AND,2,0.0,-354.0,1506,3344,53,100,153
699,Espresso,AND,2,0.0,-352.0,1507,3346,36,104,140
700,Espresso,AND,2,0.0,-350.0,1508,3348,47,101,148
701,Espresso,AND,2,0.0,-348.0,1509,3350,32,115,147
702,Espresso,AND,2,0.0,-346.0,1510,3352,37,101,138
703,Espresso,AND,2,0.0,-344.0,1511,3354,41,87,128
704,Espresso,AND,2,0.0,-342.0,1512,3356,52,100,152
705,Espresso,AND,2,0.0,-340.0,1513,3358,38,100,138
706,Espresso,AND,2,0.0,-338.0,1514,3360,47,100,147
707,Espresso,AND,2,0.0,-336.0,1515,3362,41,100,141
708,Espresso,AND,2,0.0,-334.0,1516,3364,47,125,172
709,Espresso,AND,2,0.0,-332.0,1517,3366,46,101,147
710,Espresso,AND,2,0.0,-330.0,1518,3368,40,100,140
711,Espresso,AND,2,0.0,-328.0,1519,3370,32,100,132
712,Espresso,AND,2,0.0,-326.0,1520,3372,41,84,125
713,Espresso,AND,2,0.0,-324.0,1521,3374,32,138,170
714,Espresso,AND,2,0.0,-322.0,1522,3376,47,104,151
715,Espresso,AND,2,0.0,-320.0,1523,3378,43,110,153
716,Espresso,AND,2,0.0,-318.0,1524,3380,32,126,158
717,Espresso,AND,2,0.0,-316.0,1525,3382,31,154,185
718,Espresso,AND,2,0.0,-314.0,1526,3384,31,100,131
719,Espresso,AND,2,0.0,-312.0,1527,3386,38,100,138
720,Espresso,AND,2,0.0,-310.0,1528,3388,47,108,155
721,Espresso,AND,2,0.0,-308.0,1529,3390,47,100,147
722,Espresso,AND,2,0.0,-306.0,1530,3392,59,101,160
723,Espresso,AND,2,0.0,-304.0,1531,3394,31,179,210
724,Espresso,AND,2,0.0,-302.0,1532,3396,54,84,138
725,Espresso,AND,2,0.0,-300.0,1533,3398,63,95,158
726,Espresso,AND,2,0.0,-298.0,1534,3400,48,132,180
727,Espresso,AND,2,0.0,-296.0,1535,3402,85,113,198
728,Espresso,AND,2,0.0,-294.0,1536,3404,54,100,154
729,Espresso,AND,2,0.0,-292.0,1537,3406,66,101,167
730,Espresso,AND,2,0.0,-290.0,1538,3408,47,100,147
731,Espresso,AND,2,0.0,-288.0,1539,3410,53,102,155
732,Espresso,AND,2,0.0,-286.0,1540,3412,47,101,148
733,Espresso,AND,2,0.0,-284.0,1541,3414,113,151,264
734,Espresso,AND,2,0.0,-282.0,1542,3416,54,130,184
735,Espresso,AND,2,0.0,-280.0,1543,3418,54,92,146
736,Espresso,AND,2,0.0,-278.0,1544,3420,49,100,149
737,Espresso,AND,2,0.0,-276.0,1545,3422,55,99,154
738,Espresso,AND,2,0.0,-274.0,1546,3424,47,122,169
739,Espresso,AND,2,0.0,-272.0,1547,3426,47,100,147
740,Espresso,AND,2,0.0,-270.0,1548,3428,54,115,169
741,Espresso,AND,2,0.0,-268.0,1549,3430,64,105,169
742,Espresso,AND,2,0.0,-266.0,1550,3432,63,99,162
743,Espresso,AND,2,0.0,-264.0,1551,3434,58,91,149
744,Espresso,AND,2,0.0,-262.0,1552,3436,47,100,147
745,Espresso,AND,2,0.0,-260.0,1553,3438,35,147,182
746,Espresso,AND,2,0.0,-258.0,1554,3440,46,139,185
747,Espresso,AND,2,0.0,-256.0,1555,3442,52,99,151
748,Espresso,AND,2,0.0,-254.0,1556,3444,54,116,170
749,Espresso,AND,2,0.0,-252.0,1557,3446,49,100,149
750,Espresso,AND,2,0.0,-250.0,1558,3448,53,100,153
751,Espresso,AND,2,0.0,-248.0,1559,3450,85,100,185
752,Espresso,AND,2,0.0,-246.0,1560,3452,47,101,148
753,Espresso,AND,2,0.0,-244.0,1561,3454,61,116,177
754,Espresso,AND,2,0.0,-242.0,1562,3456,54,109,163
755,Espresso,AND,2,0.0,-240.0,1563,3458,64,101,165
756,Espresso,AND,2,0.0,-238.0,1564,3460,46,103,149
757,Espresso,AND,2,0.0,-236.0,1565,3462,53,100,153
758,Espresso,AND,2,0.0,-234.0,1566,3464,76,90,166
759,Espresso,AND,2,0.0,-232.0,1567,3466,66,134,200
760,Espresso,AND,2,0.0,-230.0,1568,3468,47,138,185
761,Espresso,AND,2,0.0,-228.0,1569,3470,47,100,147
762,Espresso,AND,2,0.0,-226.0,1570,3472,53,102,155
763,Espresso,AND,2,0.0,-224.0,1571,3474,47,100,147
764,Espresso,AND,2,0.0,-222.0,1572,3476,36,134,170
765,Espresso,AND,2,0.0,-220.0,1573,3478,50,100,150
766,Espresso,AND,2,0.0,-218.0,1574,3480,38,116,154
767,Espresso,AND,2,0.0,-216.0,1575,3482,66,98,164
768,Espresso,AND,2,0.0,-214.0,1576,3484,49,100,149
769,Espresso,AND,2,0.0,-212.0,1577,3486,47,101,148
770,Espresso,AND,2,0.0,-210.0,1578,3488,47,118,165
771,Espresso,AND,2,0.0,-208.0,1579,3490,47,100,147
772,Espresso,AND,2,0.0,-206.0,1580,3492,87,98,185
773,Espresso,AND,2,0.0,-204.0,1581,3494,51,100,151
774,Espresso,AND,2,0.0,-202.0,1582,3496,47,97,144
775,Espresso,AND,2,0.0,-200.0,1583,3498,69,100,169
776,Espresso,AND,2,0.0,-198.0,1584,3500,50,95,145
777,Espresso,AND,2,0.0,-196.0,1585,3502,66,97,163
778,Espresso,AND,3,0.0,-193.0,1586,3505,54,100,154
779,Espresso,AND,2,0.0,-191.0,1587,3507,47,100,147
780,Espresso,AND,2,0.0,-189.0,1588,3509,123,93,216
781,Espresso,AND,2,0.0,-187.0,1589,3511,54,100,154
782,Espresso,AND,2,0.0,-185.0,1590,3513,31,112,143
783,Espresso,AND,2,0.0,-183.0,1591,3515,38,100,138
784,Espresso,AND,2,0.0,-181.0,1592,3517,63,97,160
785,Espresso,AND,2,0.0,-179.0,1593,3519,54,100,154
786,Espresso,AND,2,0.0,-177.0,1594,3521,47,107,154
787,Espresso,AND,2,0.0,-175.0,1595,3523,29,115,144
788,Espresso,AND,2,0.0,-173.0,1596,3525,47,100,147
789,Espresso,AND,2,0.0,-171.0,1597,3527,33,100,133
790,Espresso,AND,2,0.0,-169.0,1598,3529,47,98,145
791,Espresso,AND,2,0.0,-167.0,1599,3531,43,100,143
792,Espresso,AND,2,0.0,-165.0,1600,3533,47,104,151
793,Espresso,AND,2,0.0,-163.0,1601,3535,42,116,158
794,Espresso,AND,2,0.0,-161.0,1602,3537,68,100,168
795,Espresso,AND,2,0.0,-159.0,1603,3539,69,116,185
796,Espresso,AND,2,0.0,-157.0,1604,3541,47,100,147
797,Espresso,AND,2,0.0,-155.0,1605,3543,30,100,130
798,Espresso,AND,2,0.0,-153.0,1606,3545,47,153,200
799,Espresso,AND,2,0.0,-151.0,1607,3547,31,101,132
800,Espresso,AND,2,0.0,-149.0,1608,3549,53,132,185
801,Espresso,AND,2,0.0,-147.0,1609,3551,49,100,149
802,Espresso,AND,2,0.0,-145.0,1610,3553,47,140,187
803,Espresso,AND,2,0.0,-143.0,1611,3555,33,109,142
804,Espresso,AND,2,0.0,-141.0,1612,3557,69,100,169
805,Espresso,AND,2,0.0,-139.0,1613,3559,47,100,147
806,Espresso,AND,2,0.0,-137.0,1614,3561,54,162,216
807,Espresso,AND,2,0.0,-135.0,1615,3563,36,100,136
808,Espresso,AND,2,0.0,-133.0,1616,3565,46,101,147
809,Espresso,AND,2,0.0,-131.0,1617,3567,34,100,134
810,Espresso,AND,2,0.0,-129.0,1618,3569,47,100,147
811,Espresso,AND,2,0.0,-127.0,1619,3571,31,150,181
812,Espresso,AND,2,0.0,-125.0,1620,3573,69,84,153
813,Espresso,AND,2,0.0,-123.0,1621,3575,41,106,147
814,Espresso,AND,2,0.0,-121.0,1622,3577,32,104,136
815,Espresso,AND,2,0.0,-119.0,1623,3579,39,100,139
816,Espresso,AND,2,0.0,-117.0,1624,3581,32,116,148
817,Espresso,AND,2,0.0,-115.0,1625,3583,28,116,144
818,Espresso,AND,2,0.0,-113.0,1626,3585,37,109,146
819,Espresso,AND,2,0.0,-111.0,1627,3587,31,100,131
820,Espresso,AND,2,0.0,-109.0,1628,3589,31,154,185
821,Espresso,AND,2,0.0,-107.0,1629,3591,40,94,134
822,Espresso,AND,2,0.0,-105.0,1630,3593,48,100,148
823,Espresso,AND,2,0.0,-103.0,1631,3595,37,99,136
824,Espresso,AND,2,0.0,-101.0,1632,3597,46,116,162
825,Espresso,AND,2,0.0,-99.0,1633,3599,37,100,137
826,Espresso,AND,2,0.0,-97.0,1634,3601,47,101,148
827,Espresso,AND,2,0.0,-95.0,1635,3603,43,95,138
828,Espresso,AND,2,0.0,-93.0,1636,3605,47,93,140
829,Espresso,AND,2,0.0,-91.0,1637,3607,100,100,200
830,Espresso,AND,2,0.0,-89.0,1638,3609,47,131,178
831,Espresso,AND,2,0.0,-87.0,1639,3611,55,146,201
832,Espresso,AND,2,0.0,-85.0,1640,3613,47,131,178
833,Espresso,AND,2,0.0,-83.0,1641,3615,37,100,137
834,Espresso,AND,2,0.0,-81.0,1642,3617,69,101,170
835,Espresso,AND,2,0.0,-79.0,1643,3619,47,100,147
836,Espresso,AND,2,0.0,-77.0,1644,3621,47,100,147
837,Espresso,AND,2,0.0,-75.0,1645,3623,48,100,148
838,Espresso,AND,10,0.0,-65.0,1646,3633,222,110,332
839,Espresso,AND,10,0.0,-55.0,1647,3643,219,100,319
840,Espresso,AND,10,0.0,-45.0,1648,3653,232,100,332
841,Espresso,AND,10,0.0,-35.0,1649,3663,214,100,314
842,Espresso,AND,2,0.0,-33.0,1650,3665,53,97,150
843,Espresso,AND,2,0.0,-31.0,1651,3667,101,121,222
844,Espresso,AND,2,0.0,-29.0,1652,3669,47,100,147
845,Espresso,AND,2,0.0,-27.0,1653,3671,38,100,138
846,Espresso,AND,2,0.0,-25.0,1654,3673,48,83,131
847,Espresso,AND,2,0.0,-23.0,1655,3675,36,99,135
848,Espresso,AND,2,0.0,-21.0,1656,3677,39,103,142
849,Espresso,AND,2,0.0,-19.0,1657,3679,78,137,215
850,Espresso,AND,2,0.0,-17.0,1658,3681,47,100,147
851,Espresso,AND,2,0.0,-15.0,1659,3683,38,100,138
852,Espresso,AND,2,0.0,-13.0,1660,3685,87,100,187
853,Espresso,AND,2,0.0,-11.0,1661,3687,38,94,132
854,Espresso,AND,2,0.0,-9.0,1662,3689,38,100,138
855,Espresso,AND,2,0.0,-7.0,1663,3691,67,134,201
856,Espresso,AND,2,0.0,-5.0,1664,3693,69,100,169
857,Espresso,AND,4,0.0,-1.0,1665,3697,84,109,193
858,Espresso,AND,2,0.0,1.0,1666,3699,47,116,163
859,Espresso,AND,2,0.0,3.0,1667,3701,38,116,154
860,Espresso,AND,2,0.0,5.0,1668,3703,47,99,146
861,Espresso,AND,2,0.0,7.0,1669,3705,53,101,154
862,Espresso,AND,2,0.0,9.0,1670,3707,147,100,247
863,Espresso,AND,2,0.0,11.0,1671,3709,47,93,140
864,Espresso,AND,2,0.0,13.0,1672,3711,54,100,154
865,Espresso,AND,2,0.0,15.0,1673,3713,47,109,156
866,Espresso,AND,2,0.0,17.0,1674,3715,84,101,185
867,Espresso,AND,2,0.0,19.0,1675,3717,41,102,143
868,Espresso,AND,2,0.0,21.0,1676,3719,31,100,131
869,Espresso,AND,2,0.0,23.0,1677,3721,38,115,153
870,Espresso,AND,2,0.0,25.0,1678,3723,49,102,151
871,Espresso,AND,2,0.0,27.0,1679,3725,78,101,179
872,Espresso,AND,2,0.0,29.0,1680,3727,37,100,137
873,Espresso,AND,2,0.0,31.0,1681,3729,31,104,135
874,Espresso,AND,2,0.0,33.0,1682,3731,84,96,180
875,Espresso,AND,2,0.0,35.0,1683,3733,54,99,153
876,Espresso,AND,2,0.0,37.0,1684,3735,32,99,131
877,Espresso,AND,2,0.0,39.0,1685,3737,47,106,153
878,Espresso,AND,2,0.0,41.0,1686,3739,42,105,147
879,Espresso,AND,2,0.0,43.0,1687,3741,53,100,153
880,Espresso,AND,2,0.0,45.0,1688,3743,48,99,147
881,Espresso,AND,2,0.0,47.0,1689,3745,36,101,137
882,Espresso,AND,2,0.0,49.0,1690,3747,53,100,153
883,Espresso,AND,2,0.0,51.0,1691,3749,63,122,185
884,Espresso,AND,2,0.0,53.0,1692,3751,47,100,147
885,Espresso,AND,2,0.0,55.0,1693,3753,53,102,155
886,Espresso,AND,2,0.0,57.0,1694,3755,53,101,154
887,Espresso,AND,2,0.0,59.0,1695,3757,47,97,144
888,Espresso,AND,2,0.0,61.0,1696,3759,38,101,139
889,Espresso,AND,2,0.0,63.0,1697,3761,44,91,135
890,Espresso,AND,4,0.0,67.0,1698,3765,100,101,201
891,Espresso,AND,2,0.0,69.0,1699,3767,46,102,148
892,Espresso,AND,2,0.0,71.0,1700,3769,38,124,162
893,Espresso,AND,2,0.0,73.0,1701,3771,38,120,158
894,Espresso,AND,2,0.0,75.0,1702,3773,37,116,153
895,Espresso,AND,2,0.0,77.0,1703,3775,46,102,148
896,Espresso,AND,2,0.0,79.0,1704,3777,36,95,131
897,Espresso,AND,2,0.0,81.0,1705,3779,43,91,134
898,Espresso,AND,2,0.0,83.0,1706,3781,47,102,149
899,Espresso,AND,2,0.0,85.0,1707,3783,46,92,138
900,Espresso,AND,2,0.0,87.0,1708,3785,36,110,146
901,Espresso,AND,2,0.0,89.0,1709,3787,38,100,138
902,Espresso,AND,2,0.0,91.0,1710,3789,38,116,154
903,Espresso,AND,2,0.0,93.0,1711,3791,54,99,153
904,Espresso,AND,2,0.0,95.0,1712,3793,40,107,147
905,Espresso,AND,2,0.0,97.0,1713,3795,53,100,153
906,Espresso,AND,2,0.0,99.0,1714,3797,46,101,147
907,Espresso,AND,2,0.0,101.0,1715,3799,53,101,154
908,Espresso,AND,2,0.0,103.0,1716,3801,43,104,147
909,Espresso,AND,2,0.0,105.0,1717,3803,53,100,153
910,Espresso,AND,2,0.0,107.0,1718,3805,47,100,147
911,Espresso,AND,2,0.0,109.0,1719,3807,37,112,149
912,Espresso,AND,2,0.0,111.0,1720,3809,43,100,143
913,Espresso,AND,2,0.0,113.0,1721,3811,47,105,152
914,Espresso,AND,2,0.0,115.0,1722,3813,54,100,154
915,Espresso,AND,2,0.0,117.0,1723,3815,47,137,184
916,Espresso,AND,2,0.0,119.0,1724,3817,44,103,147
917,Espresso,AND,2,0.0,121.0,1725,3819,38,109,147
918,Espresso,AND,2,0.0,123.0,1726,3821,63,100,163
919,Espresso,AND,2,0.0,125.0,1727,3823,38,115,153
920,Espresso,AND,2,0.0,127.0,1728,3825,40,107,147
921,Espresso,AND,2,0.0,129.0,1729,3827,33,101,134
922,Espresso,AND,2,0.0,131.0,1730,3829,149,100,249
923,Espresso,AND,2,0.0,133.0,1731,3831,98,101,199
924,Espresso,AND,2,0.0,135.0,1732,3833,116,100,216
925,Espresso,AND,2,0.0,137.0,1733,3835,38,99,137
926,Espresso,AND,2,0.0,139.0,1734,3837,53,100,153
927,Espresso,AND,2,0.0,141.0,1735,3839,44,107,151
928,Espresso,AND,2,0.0,143.0,1736,3841,135,99,234
929,Espresso,AND,2,0.0,145.0,1737,3843,47,99,146
930,Espresso,AND,2,0.0,147.0,1738,3845,63,109,172
931,Espresso,AND,2,0.0,149.0,1739,3847,37,100,137
932,Espresso,AND,2,0.0,151.0,1740,3849,47,101,148
933,Espresso,AND,2,0.0,153.0,1741,3851,54,100,154
934,Espresso,AND,2,0.0,155.0,1742,3853,53,103,156
935,Espresso,AND,2,0.0,157.0,1743,3855,47,102,149
936,Espresso,AND,2,0.0,159.0,1744,3857,38,111,149
937,Espresso,AND,4,0.0,163.0,1745,3861,112,88,200
938,Espresso,AND,2,0.0,165.0,1746,3863,37,100,137
939,Espresso,AND,2,0.0,167.0,1747,3865,131,100,231
940,Espresso,AND,2,0.0,169.0,1748,3867,59,98,157
941,Espresso,AND,2,0.0,171.0,1749,3869,47,100,147
942,Espresso,AND,2,0.0,173.0,1750,3871,58,89,147
943,Espresso,AND,2,0.0,175.0,1751,3873,53,100,153
944,Espresso,AND,2,0.0,177.0,1752,3875,57,103,160
945,Espresso,AND,2,0.0,179.0,1753,3877,45,92,137
946,Espresso,AND,2,0.0,181.0,1754,3879,53,97,150
947,Espresso,AND,2,0.0,183.0,1755,3881,31,100,131
948,Espresso,AND,2,0.0,185.0,1756,3883,43,85,128
949,Espresso,AND,2,0.0,187.0,1757,3885,38,116,154
950,Espresso,AND,2,0.0,189.0,1758,3887,42,111,153
951,Espresso,AND,2,0.0,191.0,1759,3889,53,116,169
952,Espresso,AND,2,0.0,193.0,1760,3891,50,116,166
953,Espresso,AND,2,0.0,195.0,1761,3893,48,101,149
954,Espresso,AND,2,0.0,197.0,1762,3895,37,104,141
955,Espresso,AND,2,0.0,199.0,1763,3897,50,101,151
956,Espresso,AND,2,0.0,201.0,1764,3899,46,89,135
957,Espresso,AND,2,0.0,203.0,1765,3901,47,100,147
958,Espresso,AND,2,0.0,205.0,1766,3903,69,100,169
959,Espresso,AND,2,0.0,207.0,1767,3905,52,101,153
960,Espresso,AND,2,0.0,209.0,1768,3907,47,102,149
961,Espresso,AND,2,0.0,211.0,1769,3909,47,101,148
962,Espresso,AND,2,0.0,213.0,1770,3911,45,87,132
963,Espresso,AND,2,0.0,215.0,1771,3913,39,108,147
964,Espresso,AND,2,0.0,217.0,1772,3915,53,100,153
965,Espresso,AND,2,0.0,219.0,1773,3917,47,100,147
966,Espresso,AND,2,0.0,221.0,1774,3919,57,90,147
967,Espresso,AND,2,0.0,223.0,1775,3921,43,131,174
968,Espresso,AND,2,0.0,225.0,1776,3923,57,97,154
969,Espresso,AND,2,0.0,227.0,1777,3925,32,100,132
970,Espresso,AND,2,0.0,229.0,1778,3927,37,131,168
971,Espresso,AND,2,0.0,231.0,1779,3929,38,100,138
972,Espresso,AND,2,0.0,233.0,1780,3931,52,100,152
973,Espresso,AND,2,0.0,235.0,1781,3933,47,134,181
974,Espresso,AND,2,0.0,237.0,1782,3935,47,100,147
975,Espresso,AND,2,0.0,239.0,1783,3937,54,184,238
976,Espresso,AND,2,0.0,241.0,1784,3939,47,100,147
977,Espresso,AND,2,0.0,243.0,1785,3941,38,110,148
978,Espresso,AND,2,0.0,245.0,1786,3943,47,100,147
979,Espresso,AND,2,0.0,247.0,1787,3945,33,109,142
980,Espresso,AND,2,0.0,249.0,1788,3947,56,116,172
981,Espresso,AND,2,0.0,251.0,1789,3949,47,100,147
982,Espresso,AND,2,0.0,253.0,1790,3951,62,101,163
983,Espresso,AND,2,0.0,255.0,1791,3953,69,100,169
984,Espresso,AND,2,0.0,257.0,1792,3955,53,102,155
985,Espresso,AND,2,0.0,259.0,1793,3957,62,100,162
986,Espresso,AND,2,0.0,261.0,1794,3959,36,101,137
987,Espresso,AND,2,0.0,263.0,1795,3961,47,100,147
988,Espresso,AND,2,0.0,265.0,1796,3963,31,116,147
989,Espresso,AND,2,0.0,267.0,1797,3965,54,101,155
990,Espresso,AND,2,0.0,269.0,1798,3967,47,100,147
991,Espresso,AND,2,0.0,271.0,1799,3969,66,100,166
992,Espresso,AND,2,0.0,273.0,1800,3971,52,109,161
993,Espresso,AND,2,0.0,275.0,1801,3973,47,100,147
994,Espresso,AND,2,0.0,277.0,1802,3975,47,100,147
995,Espresso,AND,2,0.0,279.0,1803,3977,53,100,153
996,Espresso,AND,2,0.0,281.0,1804,3979,48,100,148
997,Espresso,AND,2,0.0,283.0,1805,3981,47,100,147
998,Espresso,AND,2,0.0,285.0,1806,3983,47,101,148
999,Espresso,AND,2,0.0,287.0,1807,3985,47,99,146
1000,Espresso,AND,2,0.0,289.0,1808,3987,45,105,150
1001,Espresso,AND,2,0.0,291.0,1809,3989,69,100,169
1002,Espresso,AND,2,0.0,293.0,1810,3991,47,97,144
1003,Espresso,AND,2,0.0,295.0,1811,3993,38,100,138
1004,Espresso,AND,2,0.0,297.0,1812,3995,64,101,165
1005,Espresso,AND,2,0.0,299.0,1813,3997,46,116,162
1006,Espresso,AND,2,0.0,301.0,1814,3999,50,99,149
1007,Espresso,AND,2,0.0,303.0,1815,4001,47,116,163
1008,Espresso,AND,2,0.0,305.0,1816,4003,43,104,147
1009,Espresso,AND,2,0.0,307.0,1817,4005,38,100,138
1010,Espresso,AND,2,0.0,309.0,1818,4007,32,115,147
1011,Espresso,AND,2,0.0,311.0,1819,4009,38,100,138
1012,Espresso,AND,2,0.0,313.0,1820,4011,48,98,146
1013,Espresso,AND,2,0.0,315.0,1821,4013,53,100,153
1014,Espresso,AND,2,0.0,317.0,1822,4015,46,113,159
1015,Espresso,AND,2,0.0,319.0,1823,4017,38,116,154
1016,Espresso,AND,2,0.0,321.0,1824,4019,45,155,200
1017,Espresso,AND,2,0.0,323.0,1825,4021,47,100,147
1018,Espresso,AND,2,0.0,325.0,1826,4023,35,100,135
1019,Espresso,AND,2,0.0,327.0,1827,4025,46,100,146
1020,Espresso,AND,2,0.0,329.0,1828,4027,74,100,175
1021,Espresso,AND,2,0.0,331.0,1829,4029,46,101,147
1022,Espresso,AND,2,0.0,333.0,1830,4031,53,116,169
1023,Espresso,AND,2,0.0,335.0,1831,4033,47,100,147
1024,Espresso,AND,2,0.0,337.0,1832,4035,53,95,148
1025,Espresso,AND,2,0.0,339.0,1833,4037,69,147,216
1026,Espresso,AND,2,0.0,341.0,1834,4039,53,100,153
1027,Espresso,AND,2,0.0,343.0,1835,4041,46,100,146
1028,Espresso,AND,2,0.0,345.0,1836,4043,53,102,155
1029,Espresso,AND,2,0.0,347.0,1837,4045,62,138,200
1030,Espresso,AND,2,0.0,349.0,1838,4047,63,106,169
1031,Espresso,AND,2,0.0,351.0,1839,4049,46,101,147
1032,Espresso,AND,2,0.0,353.0,1840,4051,40,107,147
1033,Espresso,AND,2,0.0,355.0,1841,4053,54,100,154
1034,Espresso,AND,2,0.0,357.0,1842,4055,60,96,156
1035,Espresso,AND,2,0.0,359.0,1843,4057,53,100,153
1036,Espresso,AND,2,0.0,361.0,1844,4059,47,105,152
1037,Espresso,AND,2,0.0,363.0,1845,4061,47,99,146
1038,Espresso,AND,2,0.0,365.0,1846,4063,38,99,137
1039,Espresso,AND,2,0.0,367.0,1847,4065,47,100,147
1040,Espresso,AND,2,0.0,369.0,1848,4067,53,102,155
1041,Espresso,AND,2,0.0,371.0,1849,4069,47,97,144
1042,Espresso,AND,2,0.0,373.0,1850,4071,69,103,172
1043,Espresso,AND,2,0.0,375.0,1851,4073,53,100,153
1044,Espresso,AND,2,0.0,377.0,1852,4075,46,105,151
